LAT,LON,depth
19.08722222,78.33611111,1.71
19.08777778,78.40111111,1.49
19.17055556,77.93361111,1.41
19.17666667,78.10361111,4.03
19.16027778,78.63444444,5.98
19.14166667,78.33944444,1.87
19.09833333,78.78083333,2.39
19.20916667,78.87638889,2.16
19.80972222,78.46472222,2.89
19.33805556,79.33444444,1.74
19.14583333,79.66666667,5.37
19.475,79.575,1.42
19.09166667,79.84583333,2.08
19.08055556,78.51111111,3.21
9.24972222,76.51833333,1.13
19.05972222,77.93055556,3.9
19.09444444,79.04722222,1.47
19.1,79.03333333,1.41
19.1175,78.94277778,3.14
19.13472222,79.09444444,1.89
19.08333333,78.11666667,2.5
19.10138889,78.09666667,2.12
19.04027778,78.65944444,8.37
19.04166667,78.65,1.87
19.22416667,78.22694444,4.19
19.25,79.41666667,1.03
19.22916667,77.89583333,3.95
19.33333333,78.41666667,1.68
19.34166667,78.41666667,2.92
19.35194444,78.41555556,6.24
19.36666667,79.28333333,10.87
19.35,78.33333333,2.81
19.36666667,78.9,2.68
19.34166667,78.75555556,3.52
19.48333333,78.66666667,3.67
19.53333333,78.51666667,3.02
19.55861111,78.47,2.86
19.58333333,78.5,2.33
19.48333333,79.31666667,1.35
18.975,77.91666667,6.1
19.01111111,78.38777778,6.23
19.20972222,79.59472222,3.96
19.20972222,79.59583333,4.19
19.19777778,78.64222222,6.26
19.21666667,78.26666667,4.47
19.41555556,79.8,3.33
19.38055556,78.8875,3.5
19.41666667,78.76666667,3.04
19.41666667,78.43333333,4.91
19.71666667,78.76666667,2.82
19.73333333,78.76666667,3.01
19.73333333,78.64583333,4.66
18.83611111,79.67222222,5.75
18.875,79.29166667,3.92
18.88333333,77.96666667,3.68
19.06111111,78.11583333,3.5
19.01666667,79.13333333,2.62
19.08333333,78.23333333,12.4
19.33138889,78.38972222,0.59
19.43416667,79.13388889,3.7
19.35805556,79.47722222,1.6
19.36777778,78.78277778,3.21
19.5125,78.58527778,2.82
19.63777778,78.50833333,4.66
18.87305556,79.42805556,3.01
19.4225,78.73944444,2.19
18.84666667,79.58666667,2.8
19.05194444,79.485,0.89
18.90888889,79.1975,2.8
18.875,79.42916667,0.57
18.97,79.45777778,6.12
18.9725,77.91166667,2.8
19,77.785,2.47
19.1,77.8675,0.97
9.2875,76.46388889,10.45
9.2875,76.46388889,10.72
9.33333333,76.41666667,1.7
9.31666667,76.39416667,1.01
9.38333333,76.3775,1.64
9.41361111,76.34916667,2.25
9.45833333,76.33333333,19.3
9.45833333,76.33333333,3.43
9.45833333,76.34166667,0.47
9.48333333,76.34416667,3.48
9.41805556,76.48472222,0.55
9.43333333,76.49416667,0.62
9.36833333,76.50722222,1.42
9.41055556,76.41472222,0.68
9.42027778,76.38444444,0.5
9.55611111,76.31972222,1.19
9.56666667,76.3275,0.64
9.25,76.52916667,3.49
9.32222222,76.46361111,2.02
9.43333333,76.44416667,1.53
9.14583333,76.51388889,2.9
9.23194444,76.64638889,3.81
9.7,76.35,0.89
9.85,76.31666667,1.61
9.83333333,76.3,1.66
9.15416667,76.51388889,15.75
9.18333333,76.48333333,0.23
9.20694444,76.43277778,0.65
9.13333333,76.55555556,1.5
9.14166667,76.61388889,3.23
9.175,76.56666667,11.67
9.175,76.64027778,10.17
9.18333333,76.60833333,8.29
9.20555556,76.63611111,11.92
9.23333333,76.54166667,1.52
20.525,77.46667,7.6
20.58611,77.44306,2.3
20.48333,77.48333,1.7
20.48611,77.4825,6.9
20.20194,76.89222,4.3
20.20389,77.33306,6.5
20.20861,77.47556,3.3
20.27778,77.08611,2.3
20.335,77.24583,5.7
20.29222,77.07222,2.6
20.29306,76.97167,2.6
20.43778,77.40361,7.1
20.14972,77.33472,2.5
20.13722,77.20583,3.1
19.96944,77.13167,2.4
20.00111,77.12167,3.3
20.16833,77.12556,7
20.17,77.06972,2.8
20.0525,77.63556,3.95
19.96667,76.78333,3.5
20.26667,77.4,6.6
20.19306,77.35278,3
20.31222,77.33639,4.5
20.2625,77.4125,8.2
20.00833,76.89167,7
20.05,76.98333,6.7
20.1,76.9,4.7
20.2,76.81667,2.5
19.91028,76.68361,3.4
19.91528,76.625,4.5
20.11667,77.14167,2
20.18333,77.26667,6.3
20.14583,77.45,6
20.22083,77.55111,6.4
20.33333,76.94167,3.3
20.23333,76.98333,3.3
20.32778,77.16389,4.8
20.20917,77.00278,5.5
20.71667,77.58611,3.8
20.50861,77.58472,8.1
20.61389,77.50278,2.1
20.36667,77.33333,5.7
20.51083,78.61417,3.58
20.70722,78.72861,5.1
20.72806,78.6625,4.97
20.83417,78.49417,1.6
20.78944,78.71722,17.12
20.95417,78.46083,7.9
20.96139,78.36833,3.45
20.80389,78.34083,7.8
21.15194,78.28139,4.25
21.15694,78.47306,6.87
21.20611,78.24028,4.85
20.72556,78.31694,3.93
20.86139,78.58222,3.4
20.85306,78.32583,6
21.20361,78.19222,4.97
20.91667,78.48333,4.7
21.30833,78.24167,4.77
20.53333,78.38333,9.3
20.57167,78.40361,3.76
20.65,78.46667,3.23
20.58444,78.52833,5.89
20.58639,78.60528,7.16
20.90833,78.71667,7.2
20.85,78.8,8.2
20.80667,78.88556,5.8
20.81389,78.59028,9.53
20.51667,79.04167,1.77
20.51722,78.9725,3.6
20.63889,78.96389,3
20.65,78.92917,3.62
20.7375,78.92556,5.1
20.63167,79.05778,3.74
20.65833,79.11667,2.7
20.72583,78.585,1.35
20.85,78.51667,10.5
20.655,78.775,5.69
20.65833,78.56667,6.96
20.73333,78.45,6.3
20.71667,78.56667,3.55
20.54611,79.10639,2.76
20.99833,78.2275,7.18
21.11806,78.36889,3.45
20.61667,78.71667,3.9
20.75444,78.48528,4.26
20.76389,78.52361,3.2
20.69167,78.41611,3.15
20.46667,78.78333,3.13
20.38889,78.73528,2.85
21.2,78.18333,2.18
21.26667,78.23333,7.73
21.10556,78.20333,2.1
20.54889,78.69417,5.1
20.55,78.81667,1.57
20.83361,78.70194,10.75
21.16667,78.43333,8.23
20.54889,78.585,4.91
17.68472,79.68472,5.88
17.66667,79.81667,1.4
17.79167,79.78306,1.73
17.745,79.17389,1.2
17.77333,79.09083,4.35
17.8525,79.99028,2.42
17.48306,79.77306,4.48
17.45611,79.97694,2.12
17.52972,79.46194,3.1
17.52111,79.36417,5.6
17.53333,79.35167,6.25
17.67083,79.325,11.85
18.21222,80.48861,1.67
18.25083,80.49583,4.95
18.18528,79.82556,2.12
18.3,79.96667,1.75
17.825,79.74028,7
17.71944,79.08611,4.27
17.74056,79.23333,1.05
17.74722,79.26,13.85
17.79167,79.80833,1.15
17.80833,79.96667,2.55
17.84167,79.93333,15.52
17.82639,79.01583,4
18.16667,80.20833,5.25
18.22917,80.3125,2.19
18.33333,79.66667,5.75
18.43417,79.88278,1.82
18.44167,79.875,32.35
18.40139,80.40278,1.5
18.40278,80.4,1.93
17.78389,79.40833,7.52
17.76389,79.375,2.6
17.60361,80.00889,1.52
17.58333,79.9,2.92
17.54167,79.45,2.75
17.61667,79.51944,9.7
17.7,79.91667,1.7
17.66667,79.81667,3.21
17.97444,79.50944,0.72
18,79.58333,0.57
18.03333,79.53472,8.53
18.18139,79.94861,0.92
17.91889,80.04722,0.07
18.20556,79.98333,0.95
18.25111,80.51278,6.4
18.30722,79.82528,0.87
18.16667,80.4,2.58
18.19444,80.16667,1.65
18.20528,80.20556,0.85
18.23333,80.25417,0.94
18.33167,80.43528,4.9
18.33167,80.43528,1.9
18.09722,79.68056,2.1
18.11528,79.74167,1.73
17.45,79.95,4.4
17.64861,79.23611,4.05
17.66111,79.43194,2.05
17.855,79.46111,7.6
17.8625,79.46667,4.84
17.86111,79.52778,0.13
17.88333,79.55278,55.5
17.925,79.89167,1.58
17.86111,79.28194,14.17
17.90972,79.43611,4.05
17.88333,79.16389,26.96
17.9,79.96667,11.2
17.97194,79.21528,0.88
17.95833,79.95833,1.58
17.98694,79.91139,1.11
17.99694,79.91083,2.95
17.95167,79.69972,6.55
17.89722,79.08611,15.6
17.9925,79.44083,15.25
18.00556,79.35556,2.8
18.02167,79.80639,3.15
18.08472,79.49861,3.5
18.23333,80.08333,5.15
17.82806,79.56139,9
17.83056,79.59528,7.65
17.86389,79.60833,10.2
17.88333,79.6375,2.12
17.91917,79.84056,1.4
17.88111,79.71556,0.87
17.78389,79.40833,6.85
17.85,79.36667,10.2
18.12167,83.59444,2.45
18.11667,83.13333,1.39
18.95417,83.64444,2.64
18.52361,83.20833,7.59
18.0625,83.52917,4.39
18.29722,83.33056,3.52
18.645,83.275,1.43
18.88333,83.59167,5.02
18.9,83.46333,3.55
18.66667,83.41667,1.95
17.89583,83.19167,1.56
18.40333,83.33833,4.7
18.69306,83.31111,3.85
18.48333,83.325,1.64
18,83.16667,2.17
18.45,83.53333,2.48
18.58333,83.36667,1.8
18.61667,83.525,2.25
17.97167,83.23333,1.32
17.99472,83.24278,1.4
18.5025,83.25417,2.26
18.52222,83.52222,0.75
18.37065909,83.32816857,1.37
18.36618083,83.32430489,1.99
18.36170257,83.32044121,2.39
18.35722431,83.31657753,4.35
18.35274605,83.31271385,8.03
18.34826779,83.30885016,0.99
18.34378953,83.30498648,0.83
18.33931126,83.3011228,1.48
18.334833,83.29725912,1.07
18.33035474,83.29339544,1.53
18.32587648,83.28953176,4.09
18.32139822,83.28566807,0.56
18.31691996,83.28180439,2.77
18.3124417,83.27794071,5.23
18.30796344,83.27407703,5.08
18.30348518,83.27021335,1.49
18.29900692,83.26634967,1.31
18.29452866,83.26248599,4.14
18.2900504,83.2586223,3.97
18.28557213,83.25475862,2.15
18.28109387,83.25089494,2.52
17.85167,83.25694,2.23
17.75833,82.48194,2.7
17.98667,82.98333,2.3
17.90889,82.81722,2.6
17.97167,82.81917,1.92
18.03583,82.70417,5.95
18.10361,82.675,1.37
18.14556,82.695,1.99
18.17083,82.63694,2.39
18.23667,83.01194,4.35
18.27222,82.97222,8.03
18.21222,82.78,0.99
18.325,82.82639,0.83
17.45833,82.85,1.48
17.65,82.58333,1.07
17.88333,83.43333,1.53
17.88056,83.3125,4.09
17.86667,82.425,0.56
17.88333,82.15,2.77
17.90833,82.12083,5.23
17.925,82.75,1.54
18.08333,82.7,5.48
18.20833,83.075,3.63
18.25833,82.8,5.89
18.33611,82.84722,7.28
17.48333,83.00417,2.75
17.69167,83,1.63
17.77917,82.78472,2.74
17.38194,82.77083,1.56
17.42917,82.74722,1.26
17.39722,82.81667,1.35
17.5625,82.69167,2.55
17.60833,82.8125,4.6
17.66944,82.44583,1.13
17.70833,82.91667,0.69
17.7,82.66667,2.75
17.71917,83.29,1.5
17.73417,83.28,3.48
17.69056,83.295,5.08
17.66667,82.20833,1.49
17.67083,82.3625,1.31
17.71528,83.33194,4.14
17.78472,83.38194,3.97
17.79194,83.385,2.15
17.73056,83.34333,2.52
17.74056,83.34194,3.58
17.75306,83.3425,1.53
17.75778,83.32222,5.22
17.81111,83.20556,0.6
17.82861,82.93389,0.88
17.77083,82.90833,2.52
17.80167,83.35917,7.68
17.8125,82.49167,1.32
17.47778,82.84167,1.2
17.55,82.85417,3.54
17.50833,82.66667,1.54
17.64722,82.86111,1.95
17.61111,82.65,2.07
17.70139,82.47917,4
17.71472,82.59056,2.5
17.70917,83.20722,8.1
17.74861,82.5625,5.53
17.75278,82.7,1.25
17.76167,83.22028,6.1
17.77556,83.18611,3.36
17.81389,82.81667,1.83
17.88333,83.43333,6.2
17.89194,83.37111,22.6
17.825,83.24,1.65
9.4625,77.54167,5.5
9.416944,77.75056,7.2
9.45,77.79167,4.07
9.5125,78.09583,6.1
9.5,77.63333,10.05
9.498611,77.7,10.95
11.73611,78.85,11.38
11.71667,79.17917,6.7
11.66111,79.29444,11.5
11.625,79.19444,4.85
11.6875,79.3,7.58
11.74167,78.96667,10.48
11.72,79.07778,5.51
11.73056,79.09167,3.52
11.73194,79.125,6.51
11.76722,78.87,5.99
11.8,79.09167,8.05
11.9,79.05,9
11.88333,78.91667,6.55
11.89389,78.91667,6.83
11.93833,78.88611,10.44
11.86778,79.16667,8.17
11.95833,79.21667,2.63
11.975,79.13333,9.91
11.99167,79.78333,5.75
11.97917,79.31861,4.5
12.10417,79.74167,5.7
12.225,79.66667,6.2
12.0375,79.5625,4.62
12.20833,79.95833,7.45
12.19583,79.76667,2.42
12.18333,79.66667,4.15
12.25278,79.5125,8.74
12.25,79.41667,6.04
24.06194,77.29306,5.85
23.66667,78.11389,7.04
23.66667,78.11444,7.22
23.84861,77.94222,7.72
23.80667,78.12361,3.38
23.73278,78.17639,10.43
23.79583,77.53056,4.5
23.76167,77.775,3.45
23.52556,77.82361,2.3
23.86306,77.92444,4.81
23.90083,78.055,3.14
23.97889,77.85083,1.12
23.77167,77.60917,6.92
24.125,78.04333,3.88
24.12611,78.03889,5.42
24.095,77.67556,10.51
24.09861,77.68861,5.45
24.11472,77.81917,2.77
24.0575,77.40722,6.35
24.16667,77.4425,2.38
24.15528,77.62139,1.39
23.56806,77.765,2.39
23.60778,77.57611,2.29
24.01029577,77.62092889,2.89
24.02022774,77.60597007,2.73
24.0301597,77.59101125,2.57
24.04009167,77.57605242,2.41
24.05002364,77.5610936,2.25
24.0599556,77.54613477,2.09
12.92083,79.57083,7.85
12.9375,78.725,10.7
12.94167,78.725,4.63
12.92917,79.34167,1.82
12.93333,79.35,1.46
12.9625,79.2875,3.84
12.99167,79.30833,7.62
13.1,79.43333,8.14
12.81667,79.30833,8.2
12.91389,79.29167,0.69
12.92222,79.08889,4.13
12.90833,79.35833,5.35
12.95556,78.99444,15.29
12.96111,78.98,16.05
13.02222,79.475,8.12
12.4625,78.46667,7.37
12.62222,78.75,5.93
12.76667,79.4125,11.08
12.725,78.65833,9.34
13.02222,79.475,8.12
12.4625,78.46667,7.37
12.62222,78.75,5.93
12.69167,78.625,2.59
12.70278,78.81667,13.37
12.87083,78.99167,4.98
12.9,79.325,2.92
25.27222,82.71111,11.8
25.27,82.85,15.2
25.3,82.95,7.5
25.33917,82.77333,5.69
20.325,72.84167,2.53
20.21667,72.84167,2.53
20.25833,72.88333,2.89
20.34167,73.21667,2.25
20.53639,73.17056,3.3
20.51667,73.2875,8.35
20.41389,73.12083,5.4
20.3625,72.975,3.5
20.46361,72.91806,2.15
20.46667,73.15833,3.5
20.63333,73.025,2.3
20.6,72.9,6.5
20.38028,72.90444,2.46
20.53083,73.1625,7.7
20.68861,72.94944,5.4
20.31306,73.37611,1.02
20.32833,73.32583,1.9
20.19167,72.75,2.4
25.70417,85.22917,5.7
25.9375,85.34583,2.55
25.92139,85.29,2.25
25.925,85.34111,4.63
25.63028,85.36167,4
25.63333,85.48361,3.4
25.64917,85.47139,3.59
25.69611,85.41833,4.35
25.68306,85.33778,4.24
25.68333,85.2,5.1
25.68333,85.2,5.79
25.84972,85.44194,3.3
25.87694,85.37694,3.55
25.60417,85.51667,4.5
25.86667,85.5625,3.6
25.91944,85.38139,5.3
25.825,85.42083,4.56
22.18194,72.94583,25.3
22.23333,73.05417,23.54
22.30472,73.27167,4.66
22.43889,73.12222,25.6
22.53889,73.175,22.8
22.48333,73.20278,10.17
22.00833,73.38333,35.5
22.07361,73.04583,28.98
22.30833,74.01667,3.57
22.43889,73.12222,24.54
22.44167,73.9625,9.04
22.51667,73.94167,4.81
22.275,73.44167,5.82
22.42083,73.41944,3.58
22.30472,73.27167,14.76
22.28333,73.50278,1.94
22.25861,73.78389,7.3
22.2,74.04167,8
22.01111,74.08333,3.12
22.15944,73.4125,4.75
22.14167,72.90833,14.03
22.18194,72.94583,24.32
22.25,73.71667,9.23
22.25417,73.64167,5.19
22.36667,74.075,4.81
22.36667,74.20833,4.89
22.38333,73.93333,4.53
22.00833,73.38333,35.8
22.05833,74.01667,2.7
22.06667,74.14167,5.57
22.1,73.98333,7.42
22.1375,74.00833,10.87
22.14722,74.02778,6.32
21.9125,73.34167,23.64
22.475,73.31667,6.12
22.0375,73.8875,6.38
22.22778,73.48333,3.4
22.21111,73.74139,5.15
22.39667,73.43222,2.04
22.36389,73.37694,7.82
22.34167,73.83333,3.22
13.98333,74.55,2.04
14.02778,74.52972,2.9
14.22111,74.46694,4.9
14.22778,74.49444,7.8
14.24583,74.55833,2.7
14.24722,74.65556,2.2
14.25972,74.67639,1.25
14.26333,74.43528,2.7
14.26389,74.53056,3.6
14.31667,74.49444,9.1
14.22917,74.85833,4.25
14.25278,74.89167,8.96
14.25556,74.78194,1.3
14.28667,74.86306,8.93
15.03333,74.85222,2.9
15.08778,74.74694,6.8
15.16111,74.75639,2
14.30333,74.84639,6.85
14.36667,74.725,9.97
14.38417,74.86194,6.9
14.3875,74.80833,6.9
14.38944,74.93917,4.7
14.40694,74.8875,4.1
14.48278,74.87444,6.3
14.36833,74.41194,3.55
14.41694,74.55417,1.55
14.47111,74.45944,1.9
14.525,74.40417,1.35
14.55694,74.35139,2.1
14.52361,74.60139,3.65
14.54028,74.68611,3.74
14.55806,74.7625,12.8
14.57806,74.90611,5.13
14.59583,74.87917,5.55
14.625,74.87361,11.55
14.68333,74.88333,6.2
14.66944,74.28889,1.65
14.76917,74.1625,0.58
14.88222,74.15083,1.8
14.89111,74.18417,5.17
14.90278,74.28333,1.63
14.90389,74.3025,1.97
14.90944,74.2425,4.75
14.875,75.04861,5.7
14.81389,74.93583,2.25
14.80833,74.89167,6.04
15.05833,74.85,11.56
14.95833,74.725,9.17
14.96667,74.73333,5.93
15.24167,74.60833,8.68
15.12917,74.40833,8.88
15.13333,74.4,4.44
14.9875,74.38333,1.86
15.16667,74.63333,2.15
15.16667,74.475,8.79
14.55,74.31667,5.81
14.575,74.36667,5.78
14.53333,74.66667,6
14.53333,74.84167,3.56
14.53417,75.01889,16.48
14.66389,74.32778,6.55
14.66667,74.3,2.36
14.09167,74.49167,4.65
14.1,74.49167,6.81
14.19167,74.475,4.09
14.28611,74.45278,15.55
14.35417,74.425,2.7
14.4,74.47917,5.57
14.25278,74.78333,5.52
14.35,74.9,7.01
14.3625,74.70417,4.11
14.3625,74.79722,11.06
14.43889,74.87639,4.57
14.51667,74.84167,4.08
14.4,74.4,6.14
14.425,74.425,8.94
14.425,74.60556,3.95
14.49306,74.425,6.61
14.68333,74.93333,6.37
14.725,74.26667,6.54
14.825,74.34861,4.12
14.78333,74.25,0.74
14.8,74.13333,0.93
14.82083,74.13333,1.8
14.85417,74.12972,1
14.9,74.15,0.98
14.77083,75.01667,8.13
14.98333,75.075,1.7
15.24194,74.62583,1.2
15.05639,74.34778,0.9
26.17917,80.70417,3.37
26.21944,80.7625,5.47
26.76389,80.575,3.06
26.95833,80.18889,12.36
26.43889,80.88333,6.95
26.35556,80.82083,2.2
26.57361,80.75278,6.39
26.69444,80.43333,2.95
26.64167,80.46111,1.54
26.40972,80.84444,5.75
26.4875,80.73056,1.18
26.86389,80.60139,1.01
26.90417,80.50417,5.61
26.45972,80.78194,4.85
26.37917,80.64722,6.34
26.52833,80.675,1.1
26.55,80.475,9.75
26.45972,80.40833,4.39
26.55556,80.40417,14.81
26.65,80.63333,3.61
26.73472,80.46583,8.79
26.73333,80.34167,10.45
26.275,80.80833,9.84
31.49583,76.175,2.86
31.80444,75.98667,17.22
31.74167,76.2,0.96
31.77917,75.99583,8.26
31.6625,76.0625,8.28
31.5625,76.12917,4.04
31.70417,76.00417,8.83
31.6,76.12083,7.63
31.37083,76.25417,11.83
31.70417,76.07083,5.91
31.5375,76.20417,2.48
31.46667,76.2625,2.18
31.475,76.21389,4.72
31.4875,76.24167,5.48
31.45333,76.23806,3.59
31.35583,76.31722,4.86
31.37806,76.30694,5.86
31.39528,76.29889,5.12
31.42028,76.27806,7.89
31.47306,76.17833,15.22
31.54361,76.14056,15.01
31.53528,76.40639,0.58
31.54111,76.31111,1.24
31.62361,76.34194,0.82
31.5925,76.12611,3.34
31.68333,76.11667,5.55
31.69111,76.035,22.76
31.75361,76.01083,22.07
31.7925,75.98583,1.92
31.50417,76.22917,2.22
23.34861,81.19028,10.92
23.36667,81.04,23.3
23.46444,80.90639,6.62
23.46556,80.74667,1.13
23.32194,81.29778,5.96
23.95528,80.92639,0.69
23.63,80.92222,2.85
23.525,80.82083,6.57
23.525,80.83944,7.5
23.39278,80.98278,5.34
23.40889,80.68333,1.13
23.66444,80.94361,2.52
23.86944,81.00472,11.15
23.36667,81.04,5.52
23.72139,81.02083,4.97
23.28611,75.65194,5.7
23.39861,76.01333,3.83
23.50417,76.155,2.15
23.54889,75.9025,1.46
23.23306,76.01833,5.87
23.23361,76.01806,7.42
23.26667,76.06167,6.3
23.42611,75.2825,7.85
23.44778,75.41028,3.12
23.43917,75.87611,3.74
23.44722,75.8375,4.15
23.49111,75.66667,1.7
23.31056,75.79222,6.66
23.08,75.90194,7.71
23.20361,75.64778,2.62
23.20417,75.67528,5.59
23.22167,75.95139,5.88
23.25444,75.81556,4.77
23.25639,75.71111,2.63
23.04472,75.37889,7.41
23.10833,75.45278,6.62
23.09861,75.73,16.3
23.16444,75.81167,3.15
23.18583,75.78222,4.2
23.14417,75.55417,4.57
23.16389,75.26389,1.02
23.15722,75.62389,2.28
23.16389,75.26389,1.11
23.095,75.42556,8.09
23.34472,75.84917,3.3
23.34083,76.03889,2.6
23.33528,75.55444,5.12
23.16444,75.81167,3.16
23.19722,75.86667,1.45
23.04056,75.94806,2.8
23.06861,75.91389,9.29
23.47306,75.97139,12.2
23.34056,76.04028,2.57
23.34556,76.03972,32.95
23.49278,75.895,9.78
23.50222,76.07222,2.3
23.33556,75.54944,3.84
23.42556,75.28333,0.95
23.5325,75.57083,4.21
23.48944,75.66528,1.6
23.49028,75.66528,1.65
23.60278,75.75889,8.25
23.44722,75.8375,2.7
23.46167,75.79611,2
13.25194,74.79556,8.29
13.27111,74.78778,10.06
13.2725,74.76694,8.05
13.2825,74.74833,8.06
13.32111,74.87861,8.58
13.32917,74.90417,8.47
13.34583,74.75806,8.14
13.355,74.80722,7.12
13.75444,74.78278,7.76
13.81972,74.63444,2.47
13.82639,74.80194,7.46
13.83194,74.74417,7.42
13.83417,74.73611,6.31
13.84833,74.67333,6.07
13.225,74.75,7.14
13.2375,74.74694,5.22
13.24722,74.74722,7.25
13.43556,74.74417,7.25
13.54028,74.99167,8.43
13.51806,74.97444,7.56
13.78333,74.71667,5.08
13.80472,74.67583,0.71
13.86667,74.8,10.23
13.33333,74.75,11.11
13.35,74.7,3.58
13.35,74.86667,6.18
13.426396,74.80054975,6.4065
13.41014479,74.80341472,6.373441176
13.39389359,74.80627969,6.340382353
13.37764238,74.80914466,6.307323529
13.36139118,74.81200963,6.274264706
13.34513997,74.8148746,6.241205882
13.32888876,74.81773957,6.208147059
13.31263756,74.82060454,6.175088235
13.29638635,74.82346951,6.142029412
13.28013515,74.82633449,6.108970588
13.26388394,74.82919946,6.075911765
13.24763274,74.83206443,6.042852941
13.23138153,74.8349294,6.009794118
13.21513032,74.83779437,5.976735294
13.19887912,74.84065934,5.943676471
13.18262791,74.84352431,5.910617647
13.16637671,74.84638928,5.877558824
13.1501255,74.84925425,5.8445
13.13387429,74.85211922,5.811441176
13.11762309,74.85498419,5.778382353
13.10137188,74.85784916,5.745323529
13.08512068,74.86071413,5.712264706
13.06886947,74.8635791,5.679205882
13.05261826,74.86644407,5.646147059
13.03636706,74.86930904,5.613088235
13.02011585,74.87217401,5.580029412
13.00386465,74.87503899,5.546970588
12.98761344,74.87790396,5.513911765
12.97136224,74.88076893,5.480852941
12.95511103,74.8836339,5.447794118
12.93885982,74.88649887,5.414735294
12.92260862,74.88936384,5.381676471
12.90635741,74.89222881,5.348617647
12.89010621,74.89509378,5.315558824
12.873855,74.89795875,5.2825
12.85760379,74.90082372,5.249441176
12.84135259,74.90368869,5.216382353
12.82510138,74.90655366,5.183323529
12.80885018,74.90941863,5.150264706
12.79259897,74.9122836,5.117205882
12.77634776,74.91514857,5.084147059
32.87972,75.12556,4.5
32.89556,75.13528,2.6
32.905,75.0825,0.7
32.91306,75.03833,3.05
32.64167,75.33611,5.9
32.67944,75.2425,1.8
32.78139,75.27278,0.6
32.80639,75.31,5.3
32.86556,74.99528,2.43
32.89667,75.02389,5.6
32.94444,75.03472,2.35
32.83583,75.27083,1.73
32.85028,75.18194,1.94
24.55,73.91667,1.05
24.55556,74.20083,7.5
24.78333,73.98333,11.05
24.78333,73.46667,2.45
24.19333,73.7,2.62
24.15,73.83333,1.31
24.21667,73.86667,1.88
24.35556,73.35,2.9
24.24972,73.29889,2.54
24.15,73.35,0.65
24.49583,73.6125,1.24
24.56333,73.65694,5.52
24.57778,73.77639,0.88
24.43333,74.26667,1.36
24.575,74.16667,7.83
24.71667,73.91667,1.32
24.8,73.46667,0.4
24.83333,73.53333,0.56
24.85833,73.42917,2.07
24.7,73.75,0.12
24.575,74.16667,3.36
24.75,73.83333,1.42
23.98333,73.53333,0.91
24.16667,74.05,1.5
24.17194,73.98528,0.4
24.33694,74.01611,1.79
24.17083,73.34306,4.02
24.225,73.35417,2.62
24.27222,73.68333,2.72
24.55222,73.71389,2.8
24.35722,74.35361,11.71
24.00139,73.75833,0.84
24.06667,73.43333,0.62
24.08333,74.03333,2.65
24.125,74.04667,4.58
24.07194,74.06806,2.4
24.08333,73.85,0.92
24.295,74.075,1.93
24.3,73.36667,3.9
24.44833,73.99167,3.67
24.625,73.68333,2.72
24.61667,74.01667,10.14
13.44444,76.50278,3.2
13.45028,76.46222,8.95
13.52778,76.50278,8.23
13.58333,76.53333,13.87
13.69722,77.20083,5.85
13.00556,76.95833,3.17
13.025,77.01667,11.4
13.26917,76.56528,10.03
13.15833,77.02778,18.6
13.33333,77.1,10.85
13.16667,76.81833,7.67
13.59167,76.48333,7.35
13.64167,77.19167,2.64
13.66667,77.06667,1.55
13.66667,77.2,3.56
13.675,77.075,22.8
13.71667,77.25833,44.8
13.37083,76.47917,2.65
13.38889,76.42361,4.3
13.4,76.44167,3.2
13.40556,76.4125,5.3
13.41389,76.94444,3.55
13.4275,77.25306,1.35
13.51306,77.17861,4.3
13.32222,76.96389,1.55
13.73222,77.19083,3.87
13.76833,77.24444,2.25
13.80222,77.20222,3.56
13.74028,76.91972,4.85
14.01944,77.20556,4.1
14.05139,77.16806,4.87
14.05694,77.10556,3.65
14.14306,77.18889,7.76
13.02917,77.03333,19.6
13.50833,77.01667,17.6
13.5,76.76667,49.3
13.25,76.49167,5.57
13.25833,76.47917,32.8
13.24167,76.86667,32.8
13.52222,77.23889,3.76
13.5375,77.075,27.8
13.51667,77.23333,3.5
13.51806,77.23472,1.85
13.47083,77.23889,3.35
13.475,77.24167,2.2
13.46667,76.48333,3.98
13.75,77.2,3.5
13.76667,77.24167,2.13
13.82917,77.20417,7.55
13.87278,77.22722,2.8
13.74167,76.9,13.9
13.75,76.9,6
14.1,77.28333,2.58
14.15833,77.29167,7.57
14.175,77.0875,1.09
12.975,76.88333,21.8
13.07222,76.75833,3.7
13.075,76.76667,14.8
13.16111,76.66667,2.34
13.16667,76.66667,17.27
13.15833,76.55833,2.73
13.09444,76.475,7.17
13.30833,76.65833,37.6
13.33333,77.1,3.32
13.40833,77.025,17
13.325,77.15,4.6
13.43333,76.90833,24.47
13.30417,76.94167,5.49
13.56667,77.24167,1.47
13.43333,77.23333,0.7
25.81167,75.475,0.95
25.89583,75.83333,4.05
25.86389,75.28056,2.02
25.81667,76.23278,14.75
25.89167,76.17917,19.2
26.04083,75.88889,2.76
26.18333,75.575,3.93
26.01389,75.48889,1.2
26.05833,75.80833,3.15
26.05833,75.875,5.1
26.24167,75.85,3.3
26.09167,75.83333,3.3
26.28333,75.38333,8.75
26.23833,75.1875,4.92
25.975,75.96611,1.43
25.96667,76.08333,8.99
25.99861,75.68333,2.59
26.39167,75.4875,2.4
26.36667,75.93333,18.05
25.88333,75.56667,7.5
12.65,79.525,2.7
12.59167,79.625,3.77
12.76667,79.26667,3
12.26667,78.94167,8.39
31.98333333,74.86666667,6.4
31.50805556,75.12083333,20.2
31.5375,74.68333333,17.1
31.57916667,74.71666667,17.8
31.60416667,74.59166667,18.2
31.55416667,75.17083333,16.7
31.58333333,75.2375,16.3
31.58333333,75.3,16.5
31.66666667,75.25,14.5
31.5625,75.10833333,19.4
31.56666667,75.03333333,19.43
31.57916667,74.875,21.2
31.60833333,75,20.3
31.67083333,75.00972222,19.3
31.58333333,75.17916667,16.7
31.64166667,75.1375,16.6
31.6625,75.07916667,17.7
31.66666667,75.16388889,12.6
31.71666667,75.1375,14.3
31.63196881,75.18552632,17.5477193
31.63275487,75.20059942,17.61180702
31.63354094,75.21567252,17.67589474
31.634327,75.23074561,17.73998246
31.63511306,75.24581871,17.80407018
31.63589912,75.26089181,17.86815789
31.63668519,75.27596491,17.93224561
31.63747125,75.29103801,17.99633333
31.63825731,75.30611111,18.06042105
31.63904337,75.32118421,18.12450877
31.63982944,75.33625731,18.18859649
31.6406155,75.35133041,18.25268421
31.64140156,75.36640351,18.31677193
31.64218762,75.38147661,18.38085965
31.64297369,75.39654971,18.44494737
31.64375975,75.41162281,18.50903509
22.37638889,72.99722222,25.53
22.34583333,72.83333333,2.1
22.35555556,72.89722222,15.64
22.40972222,72.90138889,17.04
22.40416667,72.67222222,4.63
22.42083333,72.79444444,13.38
22.275,72.76666667,3.3
22.575,72.97222222,10.04
22.48611111,72.66111111,2.6
22.45833333,72.80277778,1.49
22.475,72.8,12.58
22.54166667,72.81666667,5.19
22.50833333,72.98222222,20.85
22.51111111,72.98194444,21.15
22.69166667,73.05416667,3.81
22.37638889,72.99722222,24.97
22.40972222,72.90138889,14.8
22.48611111,72.66111111,2.23
22.475,72.8,13.08
22.54444444,73.07083333,15.74
22.63222222,73.00416667,5.16
13.94305556,77.27083333,18.33
13.95833333,77.24166667,5.15
13.97277778,77.73138889,1.17
13.91944444,78.19861111,11.5
13.96666667,77.16666667,8.9
14.025,77.99166667,9.6
14.04722222,78.03888889,3.23
14.64444444,77.35833333,14.9
14.67166667,77.45833333,10.08
14.675,77.60833333,7.8
14.12638889,76.97777778,36.5
14.07222222,77.58166667,14.58
14.08333333,77.58888889,15.16
14.24305556,78.2625,12
14.7,76.85,8.5
14.19166667,78.16388889,3.97
14.70277778,76.85555556,13.79
14.84166667,77.25,7.46
14.90833333,78.00833333,16.4
15.00833333,77.41666667,7.82
15.05,77.875,9.93
15.10833333,77.625,10.8
15.11666667,77.64305556,4.81
14.27111111,77.62222222,14.73
14.27,78.0575,4.32
14.34027778,77.99305556,12
14.35333333,78.0375,1.32
14.41166667,77.72,2.82
14.69166667,77.65833333,13.8
13.7,77.48888889,16.26
13.975,77.775,7.67
13.84166667,77.1,18
15.16805556,77.37638889,1.64
13.8,77.60833333,6.57
13.91666667,77.71666667,4.91
13.88527778,77.20055556,6.01
13.95666667,77.10833333,6.37
13.78762866,77.40792544,6.711947368
13.72638033,77.38829532,6.524323308
13.665132,77.3686652,6.336699248
13.60388367,77.34903509,6.149075188
13.54263534,77.32940497,5.961451128
13.48138701,77.30977485,5.773827068
13.42013868,77.29014474,5.586203008
20.83611111,85.16944444,2.55
21.50055556,85.25722222,2.7
20.83888889,85.09944444,4.4
20.84166667,85.21611111,1.9
21.01166667,84.48611111,3.95
21.0075,84.94888889,3.15
21.08166667,84.87166667,4.35
21.10694444,84.81583333,2.3
21.17555556,85.15638889,6.1
20.83833333,85.03555556,8.67
21.0175,85.17444444,7.1
20.96888889,84.65083333,2.33
20.84888889,85.16888889,3.45
21.07222222,85.14166667,1.35
21.13944444,85.16777778,15.35
21.26611111,85.20111111,7.66
20.755,85.1,3.1
20.6875,85.18555556,3.4
20.88666667,85.21916667,9.19
20.82277778,85.05916667,4.45
20.72111111,84.86944444,3.5
20.64583333,84.83611111,6.5
20.80164863,85.04412699,6.68
20.78807328,85.04468019,6.84
20.77449793,85.04523339,7
20.76092258,85.04578659,7.15
20.74734723,85.0463398,7.31
20.73377188,85.046893,7.47
20.72019653,85.0474462,7.62
20.70662118,85.04799941,7.78
20.69304583,85.04855261,7.94
20.67947048,85.04910581,8.09
20.66589513,85.04965902,8.25
20.65231978,85.05021222,8.41
20.63874443,85.05076542,8.56
20.62516908,85.05131862,8.72
20.61159373,85.05187183,8.88
20.59801838,85.05242503,9.03
20.58444303,85.05297823,9.19
20.87638889,84.88194444,3.9
20.92638889,85.00416667,2.55
21.42916667,85.1925,2.2
20.59833333,84.7875,3.75
20.72194444,84.53138889,1.95
20.97638889,85.02638889,1.45
21.01944444,85.16944444,8.3
20.90666667,84.82055556,2.95
20.91805556,84.88277778,2.32
20.88527778,84.62277778,2.3
20.88,85.16777778,3.57
20.84666667,84.87916667,8.4
21.26611111,85.19666667,4
21.39444444,85.15111111,2.75
21.16666667,85.15694444,4
22.93055556,81.60833333,6.86
23.20944444,81.985,1.47
23.14305556,81.59722222,3.21
23.00972222,81.61027778,6.65
22.98361111,81.88944444,4.64
23.03055556,81.83888889,3.27
23.11944444,81.70055556,6.2
23.18277778,81.82305556,0.81
22.85833333,81.64583333,1.95
22.67444444,81.76111111,10.42
23.19583333,81.97861111,5
23.21444444,82.10416667,2.86
23.19583333,81.97861111,3.8
23.25166667,81.88444444,1.36
23.06638889,81.63277778,9.82
23.11944444,81.70055556,2.22
23.19583333,81.97861111,2.5
22.93333333,81.60833333,4.82
22.93333333,81.60833333,6.74
22.82333333,81.69777778,2.48
22.93333333,81.60833333,3.24
26.28888889,87.25194444,2.7
26.2575,87.23111111,1.95
26.32277778,87.23194444,2.66
26.0525,87.15027778,2.08
26.34944444,87.23138889,2.93
26.1375,87.42916667,3.28
26.3375,87.25,2.45
26.06944444,87.23388889,2.28
26.14583333,87.65416667,2.25
24.40194444,78.11055556,4.62
24.52888889,78.10166667,6.13
24.55944444,78.08805556,7.93
24.40305556,78.10944444,4.08
24.73555556,77.78944444,9.75
24.34166667,77.96916667,13.2
24.36555556,77.87472222,1.43
24.71166667,78.13583333,5.41
24.56333333,77.72416667,5.14
24.62777778,77.56333333,10.1
24.7125,78.13638889,4.37
24.7625,77.85833333,3.62
24.84222222,77.88,7.76
24.87833333,77.82833333,9.78
24.61472222,77.73111111,1.3
24.42972222,77.81638889,7.25
24.73972222,78.00138889,4.1
20.01666667,75.39444444,4.8
20.16666667,75.06666667,8.5
20.26666667,75.13333333,7.6
20.00416667,75.19166667,16.3
20.08333333,75.15,11.35
20.01666667,74.8,5.05
20.13333333,74.85,8
19.91666667,74.75,7.5
20.125,75.46666667,3.35
20.16666667,75.63333333,4.7
20.23333333,75.65,5.5
20.54166667,75.74166667,2.4
20.45638889,75.71,7.7
20.29111111,75.27194444,6.3
19.88916667,75.31166667,2.75
19.8475,74.83111111,7.8
19.86833333,75.47138889,10.1
19.88472222,75.33666667,5.8
19.88611111,75.315,6.5
19.89472222,75.27194444,5.1
19.9025,75.3125,6.5
20.03472222,75.03472222,8.7
19.95,75.16361111,11.8
19.93166667,74.71055556,7.3
20.05638889,74.89444444,11.4
19.65111111,75.33527778,7.25
19.69944444,75.00638889,4.75
19.73111111,75.12416667,15.55
19.53194444,75.50666667,5.4
20.58277778,75.67305556,2.9
20.29166667,75.34583333,5
25.78472222,83.07222222,0.9
25.94305556,82.9875,6.2
25.97333333,82.775,0.85
26.20138889,83.22972222,3.87
26.20555556,83.21805556,1.86
26.17638889,82.90416667,7.33
26.2,83.01666667,2.01
26.09166667,82.86666667,4.23
26.13611111,83.09722222,3.82
26.05416667,83.06388889,1.82
26.15,83.3,6.93
26.05,83.275,2.4
26.04166667,83.16666667,9.33
26.01666667,82.93194444,1.81
25.67638889,83.10277778,0.79
25.89166667,83.2,2.28
25.925,83.05,1.36
25.89444444,82.81666667,2.71
25.86666667,82.9,1.41
25.75833333,82.99166667,0.62
16.1625,75.36805556,4.23
16.05,75.7875,7.35
15.91666667,75.67777778,8.1
15.91611111,75.51027778,38.2
16.1,76.28333333,3.5
16.36666667,75.275,4.89
16.35,75.64166667,3.37
16.1,76.17916667,4.45
16.375,75.52916667,1.92
16.69166667,75.33333333,3.48
16.47916667,75.13194444,4.72
16.01666667,76.19166667,5.35
16.05416667,75.94166667,2.8
15.86444444,75.62027778,30.3
16.01083333,75.545,4.73
16.04666667,75.75277778,11.03
15.96166667,75.96555556,11.5
15.97638889,76.12222222,3.55
16.06,76.05083333,5.7
16.53972222,75.32972222,3.05
16.21777778,75.60944444,7.75
16.33944444,75.27611111,5.72
16.38388889,75.15166667,4.8
16.475,75.10833333,3.6
16.5125,75.27083333,17.1
16.06388889,76.10833333,5.43
16.5125,75.26388889,26.07
27.41111111,81.37833333,0.99
27.55555556,81.43888889,1.63
27.71944444,81.37916667,2.7
27.86111111,81.51111111,9.05
27.88333333,81.51388889,7.62
28.33333333,81.13361111,3
27.98333333,81.41666667,2.43
28.00611111,81.26111111,3
27.30416667,81.55972222,2.92
27.835,81.605,7.22
27.53833333,81.43833333,1.47
21.66444444,80.01722222,5.24
21.81277778,80.18361111,4.33
21.515,80.6175,6.78
21.63055556,79.83888889,3.42
21.63055556,80.25,10.23
21.77083333,79.80333333,3.24
21.71388889,79.79722222,2.07
21.55138889,80.40833333,6.31
21.63611111,79.78611111,5.86
21.81055556,80.04583333,3.87
21.76333333,80.05194444,5.04
21.79027778,79.92861111,2
21.89638889,80.79527778,2.67
21.78055556,80.81,3.9
21.96555556,80.125,6.73
21.96944444,80.49027778,6
22.23583333,80.87083333,1.35
21.60555556,79.7625,2.62
22.01111111,80.73972222,4.05
22.14166667,80.36944444,2.96
22.17638889,80.30083333,5.56
22.14166667,80.125,3.92
22.15277778,80.21666667,1.49
22.10416667,80.55138889,4.61
22.15416667,80.67222222,2.82
22.18333333,80.71388889,1.31
22.01166667,80.54638889,2.33
21.39777778,80.62694444,2.77
21.60111111,79.97916667,2.63
21.77083333,79.80333333,3.08
21.93,80.35194444,6.47
22.125,80.48055556,2.59
22.28805556,80.99861111,1.98
21.62638889,80.32861111,2.22
21.67638889,79.95222222,2.28
21.705,80.225,12.47
21.9475,80.04666667,4.58
22.02583333,79.98555556,2.86
22.05194444,80.68055556,5.12
21.89638889,80.79527778,4.38
21.77083333,79.80333333,3.83
22.14166667,80.125,6.02
22.10416667,80.55138889,3.2
21.76333333,80.05194444,2.24
21.83194444,80.15166667,3.91
21.47083333,80.4875,3.17
20.67972222,83.52083333,1.67
20.73444444,83.57916667,4.3
20.74111111,83.49555556,3.92
20.47916667,82.92777778,3
20.70916667,83.08527778,3.56
20.74638889,82.94472222,3.2
20.31388889,83.31666667,2.5
20.34055556,82.90972222,5.25
20.3425,83.045,3.3
20.71388889,83.44083333,2.37
20.71666667,83.28333333,3.48
20.47916667,82.92777778,5.34
20.625,82.76527778,7.3
20.58944444,82.97166667,4.8
20.72361111,83.52638889,2.3
20.72916667,83.56333333,1.9
20.745,83.62361111,5.8
20.87833333,83.55277778,3.5
20.73,83.0125,2.36
20.78611111,83.49916667,3.65
20.73083333,83.36388889,2.06
20.46527778,83.05277778,3.05
20.38472222,83.0125,5.6
20.82083333,83.49888889,2
20.69833333,83.12416667,5
20.70666667,83.15083333,1.53
20.71611111,83.22222222,2.4
20.62583333,83.40194444,2
20.66722222,83.45444444,2.39
20.72166667,83.31027778,3.4
20.73194444,83.38944444,3
20.73694444,83.40277778,1.5
20.78583333,83.50222222,3.3
20.98,83.49111111,2.9
21.00194444,83.44166667,4
21.01222222,83.40694444,5.5
20.33694444,82.86361111,3.4
20.34722222,82.94194444,4.6
20.30472222,83.29166667,2.37
20.35222222,83.31,2
20.84916667,83.51138889,3.35
20.87472222,83.51416667,3
20.21166667,83.01166667,4.5
20.2325,83.0775,3.7
20.2475,83.10666667,3.7
20.27416667,83.2425,2.75
20.23111111,82.94138889,3.9
20.47222222,83.09361111,1.8
20.30027778,82.925,5.3
20.45083333,83.36416667,2.8
20.50388889,83.13472222,2.45
20.42694444,82.90916667,2.45
20.43555556,82.91305556,2.85
20.43555556,82.91305556,1.1
20.49166667,82.92,4.1
25.74444444,84.01027778,0.48
25.81388889,83.88888889,1.27
25.73333333,84.29305556,1.97
25.75,84.16666667,3.77
25.75277778,84.10555556,4.23
25.78333333,84.45416667,4.09
25.75,84.6,1.92
25.73333333,84.51666667,4.15
25.81888889,83.975,0.34
25.85,83.86166667,1.75
25.825,84.21388889,1.85
26.12333333,83.87166667,1.1
25.83333333,84.03333333,0.55
25.95138889,84.00833333,1.7
25.93555556,84.08333333,1.28
25.8125,84.16805556,3.62
27.66388889,82.65722222,2.3
27.45,82.28472222,2.7
27.65361111,82.28083333,2.95
27.275,82.28666667,1.32
27.35444444,82.35611111,1.98
27.37916667,82.53888889,2.16
27.5375,82.5375,1.78
27.52166667,82.66666667,0.3
27.73694444,82.25277778,9.83
27.49583333,82.08611111,2.63
27.41388889,82.41388889,1.25
27.655,82.52333333,8.75
27.41666667,82.16666667,2.6
27.59444444,82.33611111,1.56
24.29722222,72.94722222,8.51
24.61638889,71.63861111,8.04
24.52916667,71.54166667,2.31
24.385,71.61944444,11.76
24.16666667,72.72777778,16.44
24.175,72.74583333,13.77
24.33611111,72.84722222,5.52
24.17222222,72.45,39.57
24.2775,72.26138889,25.27
24.23055556,71.91222222,141.23
24.23083333,71.9125,105.85
24.27222222,71.65472222,35.78
24.65833333,71.76666667,21.04
24.14111111,72.58472222,18.61
24.18888889,72.76055556,34.23
24.18888889,72.76527778,9.19
24.19444444,72.43333333,27.54
24.25666667,72.1875,73.59
24.37694444,72.12638889,16.53
24.21805556,72.24805556,80.59
24.34583333,72.5375,28.76
24.43611111,72.36527778,14.49
24.50611111,72.02916667,80.06
24.36111111,71.51111111,20.94
24.50277778,72.18611111,72.63
24.58611111,71.93333333,57.67
24.58611111,71.93333333,57.31
24.49583333,71.83611111,45.88
24.49583333,71.83611111,42.02
24.49583333,71.83611111,42.74
24.05972222,71.59611111,33.53
24.25666667,72.1875,57.59
24.31388889,71.81805556,78.1
24.35833333,71.50833333,23.6
24.385,71.61944444,11.42
24.02861111,72.38083333,147.01
25.19833333,80.49583333,1.45
25.44166667,80.15166667,10
25.42916667,80.38333333,6.5
25.24166667,80.65,3.8
25.31472222,80.39166667,1.55
25.37222222,80.475,0.95
13.04166667,77.575,38.3
12.70833333,77.7,20.6
12.86666667,77.58333333,9.75
12.86805556,77.65,18.17
12.86944444,77.53888889,13.53
12.79583333,77.60694444,2
12.75277778,77.51111111,24.56
13.04166667,77.58333333,4
12.9225,77.57916667,3.95
12.97916667,77.41944444,8.98
12.93333333,77.74166667,33.04
12.94444444,77.7,10.98
13.10833333,77.6,23.28
12.94416667,77.55833333,3.3
13.14166667,77.45833333,26.47
13.075,77.4375,30.44
12.97083333,77.6375,9.24
12.76166667,77.65944444,8.13
12.895,77.55305556,4.54
12.89361111,77.59944444,16.9
12.91027778,77.56805556,11.54
12.91111111,77.56777778,3.15
12.91888889,77.65277778,2.63
12.92833333,77.55638889,3
12.93861111,77.59222222,9.33
12.94861111,77.57194444,7.33
12.94888889,77.59694444,2.75
12.98194444,77.55555556,2.25
12.98194444,77.62916667,2.27
12.99277778,77.59611111,1.1
13.00416667,77.5725,5.45
13.0275,77.56944444,34.67
13.05972222,77.57694444,4.33
13.09527778,77.60583333,2.77
13.0975,77.60944444,9.3
13.0625,77.34583333,14.81
13.25,77.725,23.27
13.18888889,77.22777778,2.51
13.1875,77.47083333,39.03
13.075,77.775,31.08
13.16805556,77.225,2.97
13.34166667,77.775,10.14
13.275,77.65,4.42
12.91666667,77.83333333,2.63
13.36388889,77.52111111,9.69
13.29166667,77.54166667,9.92
13.30833333,77.54166667,24
13.17583333,77.21194444,3.21
13.29972222,77.70027778,3.13
13.28694444,77.53833333,1.91
13.25,77.7,13.38
13.06666667,77.31666667,4.53
24.75,86.72916667,3.82
25.00833333,86.97916667,4.78
24.88333333,87.02083333,2.25
24.89583333,86.92083333,1.82
24.87916667,87.13333333,4.68
25.05277778,86.86111111,2.04
23.25583333,87.14416667,3.47
23.24694444,86.85888889,2.73
23.30222222,87.41111111,7.5
23.31888889,87.42111111,2.64
23.39472222,86.97555556,2.13
23.17944444,87.33972222,2.5
23.15888889,87.06916667,2.6
23.19861111,87.06694444,4.6
23.20333333,87.06361111,4.02
23.205,87.53055556,0.64
23.21888889,87.55444444,1.66
23.25694444,87.47138889,1.1
22.97583333,87.4575,2.42
23.01111111,87.41805556,3.5
22.98055556,87.49166667,1.67
23.0125,87.34444444,1.06
23.02083333,87.3375,13.88
23.28638889,86.99611111,2.86
23.29166667,87.45083333,1.94
23.30416667,87.40416667,3.5
22.8,86.94583333,4.98
23.29638889,87.17666667,1.92
23.38611111,87.33055556,3.55
23.29722222,86.9625,1.44
23.3125,86.9375,3.77
23.42694444,87.26666667,1.88
23.30555556,87.21666667,3.37
23.39805556,87.25694444,3.59
23.40277778,87.28611111,2.09
23.42055556,87.11027778,2.76
23.58361111,87.05388889,3.45
23.52083333,86.95,6.06
23.52277778,86.905,2.95
23.47277778,87.03666667,2.52
22.82305556,86.64194444,5.91
23.03722222,86.80388889,1.87
23.03111111,87.15222222,4.74
23.05694444,87.13194444,2.46
23.06666667,87.08333333,5.44
23.06666667,87.24583333,1.38
23.09194444,87.11416667,2.86
23.1,87.06666667,1.63
23.03333333,87.5,11.4
23.06305556,87.45,0.56
23.06666667,87.45,3.35
23.07777778,87.43472222,1.05
23.085,87.42777778,1.34
23.15166667,86.87805556,2.05
23.19833333,86.95916667,5.93
23.41666667,74.38333333,1.42
23.575,74.11666667,2.63
23.43333333,74.06666667,0.95
23.40416667,74.26666667,0.15
23.37555556,74.27916667,1.51
23.51666667,74.66666667,5.2
23.53333333,74.63333333,0.52
23.51666667,74.16666667,1
23.59,74.175,1.6
23.49583333,74.1,0.2
23.5,74.1,1.42
23.61666667,74.28333333,1.34
23.46666667,74.075,1.22
23.65611111,74.38972222,1.79
23.86388889,74.45833333,0.32
23.89444444,74.44305556,2.08
23.76666667,74.25277778,1.44
23.66666667,74.3375,0.56
23.68333333,74.51666667,2.65
23.15,74.59166667,0.82
23.2,74.45,0.77
23.2,74.46666667,1.56
23.17222222,74.29027778,2.49
23.225,74.3,1.72
23.32694444,74.36166667,1.46
23.42111111,74.29194444,2.52
23.44166667,74.36888889,1.3
23.50916667,74.3775,1.63
23.50916667,74.38444444,0.83
23.31277778,74.37972222,0.53
23.55027778,74.68583333,0.36
23.5575,74.60111111,1.54
23.89444444,74.44305556,1.12
23.66666667,74.3375,1.29
23.78333333,74.46666667,0.66
23.56805556,74.2725,0.83
26.75,81.48333333,11.28
26.63777778,81.51416667,8.35
26.62222222,81.34166667,5.92
26.97555556,81.52611111,5.83
26.98333333,81.29833333,5.23
26.6375,81.30833333,4.89
26.77083333,81.40833333,4.73
26.93916667,81.56916667,6.25
26.57333333,81.43027778,4.18
26.69722222,81.24861111,5.05
26.83333333,81.475,8.89
27.125,81.29833333,4.84
27.13611111,81.39444444,3.01
27.10277778,81.19027778,2.96
27.16666667,81.21666667,3.49
27.18666667,81.10833333,4
24.43611111,76.7,4.52
25.20833333,77.35833333,2.45
24.48333333,76.6,2.5
24.99166667,76.475,4.8
25.25,77.13333333,1.78
25.26333333,77.26333333,2.6
25.24166667,76.50416667,9.42
25.30555556,76.32916667,2.05
25.325,76.5125,3.98
25.15833333,76.3,3.81
24.66333333,76.84361111,10.52
24.75833333,76.74166667,6.69
24.8875,76.66111111,5.09
25.09138889,76.79361111,1.04
25.10833333,76.63333333,6.81
25.13333333,76.9,3.1
25.18777778,77.10555556,2.72
24.62444444,76.70194444,9.48
23.71555556,86.88361111,2.05
23.75638889,87.02361111,1.45
23.76694444,86.94583333,2.03
23.66194444,87.06583333,1.82
23.685,86.97722222,2.15
23.68722222,86.98388889,1.43
23.6875,87.08444444,2.62
23.14861111,88.00361111,8.28
23.04861111,87.78388889,18.22
23.84777778,86.89888889,1.45
23.76388889,86.91666667,1.69
23.01555556,87.84194444,6.47
23.24361111,87.8475,3.35
23.18277778,87.92416667,8.13
23.75916667,86.87583333,1.64
23.71055556,87.28666667,1.25
23.73583333,86.81472222,1.28
23.15527778,88.27388889,22.04
23.22138889,88.36083333,13.11
23.63333333,88.125,5.11
23.53333333,87.3,4.09
23.54583333,87.27555556,1.46
23.76638889,86.84527778,1.76
23.36222222,87.56,7.5
23.52277778,87.80111111,17.94
23.52833333,88.02388889,26.93
23.54944444,87.99194444,9.98
23.66027778,86.93222222,6.78
28.325,79.58333333,5.6
28.36666667,79.21666667,6.45
28.36666667,79.4,5.93
28.54305556,79.44444444,3.94
28.71666667,79.31666667,3
28.77916667,79.5,1.51
28.39166667,79.41666667,8.92
28.36666667,79.10666667,9.65
28.46666667,79.11666667,7.9
28.49583333,79.45,3.25
28.54166667,79.3,4.89
28.46666667,79.3,5.55
28.575,79.39,6.12
28.33611111,79.59583333,4.82
21.22222222,83.59444444,3.01
21.20138889,83.88194444,1.26
21.20694444,83.64777778,2.15
21.20833333,83.79166667,2.66
21.25888889,83.87,6.92
21.24166667,83.7625,4.05
21.10972222,83.84166667,1.21
21.14305556,83.61805556,4.82
21.15972222,83.62638889,1.75
21.68666667,83.56527778,2.4
21.58472222,83.41527778,2.9
21.40833333,83.7875,1.26
21.42083333,83.81666667,2.99
21.33611111,83.62222222,3.95
21.37083333,83.78333333,4.41
21.37222222,83.6625,2.44
21.39583333,83.705,3.03
21.4,83.825,1.51
21.38055556,83.78055556,3.31
21.30694444,83.76527778,3.98
21.34583333,83.78388889,2.63
21.35138889,83.83388889,3.15
20.935,83.07055556,6.32
20.90583333,82.79333333,1.48
20.95194444,82.88666667,4.58
20.95416667,82.93388889,3.24
20.96388889,82.81888889,3.31
20.82694444,82.72333333,3.44
20.89305556,83.35138889,3.58
20.96222222,83.315,2.18
21.18833333,83.46361111,7.03
21.14416667,83.25777778,3.82
21.13527778,83.48972222,6.62
21.15944444,83.46916667,2.61
21.25055556,83.56777778,3.66
21.16527778,83.79861111,2.91
21.17222222,83.85555556,2.63
21.19611111,83.75083333,4.46
21.21944444,83.63472222,2.94
21.35805556,83.60055556,1.67
21.40388889,83.61694444,2.71
21.40861111,83.58444444,3.8
21.44861111,83.41888889,1.83
21.46722222,83.53472222,1.91
21.47388889,83.47777778,2.09
21.50694444,83.5,1.98
21.39888889,83.65555556,2.72
21.43916667,83.68194444,2.19
21.585,83.42055556,3.63
21.675,83.61027778,1.65
20.86305556,82.76111111,3.23
21.26666667,83.7625,1.86
25.59583333,71.23333333,28.4
25.60833333,71.28333333,9.63
25.48333333,71.4,44.8
25.67777778,71.22361111,11.62
25.775,71.08333333,5.95
25.57444444,71.39861111,50.75
25.71666667,71.11666667,46.1
25.90833333,71.24166667,14.2
25.73611111,71.39722222,14.3
25.74166667,70.95833333,20.67
26.05,72.35833333,11.69
26.06666667,72.66666667,4.3
25.92638889,71.75416667,32.52
25.88333333,71.35,84
26.2,71.825,20.87
26.02916667,71.77916667,29.11
25.79166667,71.6,33.7
26.33833333,71.55555556,84.85
26.275,71.30555556,34.25
25.76944444,70.32083333,72.2
26.19305556,71.24305556,3.35
25.84583333,70.93888889,12.82
26.06666667,70.98333333,6.12
25.91527778,70.875,18.75
26.25972222,71.60555556,58.69
25.74027778,70.63888889,98.75
26.095,71.02277778,13.72
25.70416667,71.4125,23.05
25.98333333,71.11666667,13.2
25.94166667,72.36861111,10.47
25.99166667,70.16666667,40
25.34583333,71.4,59.86
25.12222222,71.58888889,7.4
25.15833333,71.45416667,15.42
25.3375,70.86527778,63.44
24.88333333,71.21666667,4.55
24.92222222,71.15,30.32
25.06916667,71.51611111,92.6
25.23944444,71.46666667,57.16
25.99361111,71.48138889,72.1
26.16083333,71.575,54.71
24.825,71.15833333,6.52
25.80833333,71.03888889,10.6
30.3625,75.525,37.45
30.475,75.32166667,28.35
30.3625,75.525,37.44
30.35833333,75.65416667,33.3
30.42222222,75.65,37.5
30.4375,75.4375,31.5
30.57777778,75.67444444,28.2
30.51666667,75.39166667,22.4
30.52277778,75.55916667,32.45
30.52916667,75.64166667,36.9
30.29166667,75.3875,30.9
21.6825,74.92333333,6.99
21.69361111,75.10277778,3.88
21.93472222,75.13638889,17.43
21.93638889,75.13611111,4.1
21.87138889,75.18472222,2.38
22.03888889,75.00166667,14.45
22.04083333,75.04638889,14.05
21.80888889,75.17527778,6.55
21.98083333,75.3025,9.63
21.56944444,75.32444444,4.83
19.36027778,81.83638889,2.49
19.08611111,82.02833333,6.54
19.09583333,81.95833333,4.22
19.06388889,82.14722222,3.21
19.33055556,81.83194444,2.31
19.3325,81.83194444,4.63
19.00833333,81.86277778,2.16
19.13805556,81.86083333,2.49
19.20138889,81.93611111,4.06
19.01027778,81.94222222,2.51
19.85833333,81.6375,11.21
20.05416667,81.57222222,2.37
20.12083333,81.53333333,2.91
19.3325,81.83194444,3.13
19.28333333,81.95,2.19
19.36944444,81.79166667,3.16
26.63333333,82.69166667,2.63
26.76666667,82.55638889,4.13
26.69166667,82.68333333,2.2
26.80416667,82.29583333,2.39
26.8,82.73333333,6.06
27.01805556,82.66805556,1.62
27.025,82.65,2.42
26.8,82.46666667,3.7
30.48527778,75.24222222,31
30.51388889,75.16666667,27.73
30.55305556,75.1625,24.05
30.10555556,75.18055556,14.81
30.13055556,74.66805556,2.06
30.16388889,75.15,24.52
30.39583333,75.13333333,27.22
30.03055556,75.06666667,8.53
30.06805556,74.80138889,6.37
30.06944444,75,4.55
29.96388889,75.03333333,8.4
29.99111111,75.02638889,7.1
29.99305556,75.09166667,9.19
30.03138889,75.17861111,9.95
30.05527778,75.09861111,9.2
30.04472222,74.96694444,5.75
30.09611111,74.81194444,6.31
30.1,74.75,9.65
30.10694444,74.92444444,7.11
30.12638889,74.79611111,10.46
30.15777778,75.25277778,20.94
30.18388889,75.19055556,25.67
30.18388889,75.19055556,23.73
30.15,75,13.82
30.15,75,13.14
30.1525,74.965,7.64
30.16666667,74.83333333,14.8
30.16555556,75.04166667,16.45
29.84861111,75.17305556,6.1
29.90888889,75.12805556,9.8
30.21361111,75.25277778,26.43
30.235,75.34777778,28.85
30.29083333,74.81361111,11.72
30.2,74.81666667,5.46
30.22888889,74.78805556,7.55
30.22888889,74.78805556,7.51
30.23333333,74.78333333,10.15
30.34138889,74.96388889,17.81
30.36194444,74.83472222,14.75
30.31055556,75.1925,20.81
30.37305556,75.11555556,24.43
30.26027778,75.20222222,24.16
30.26666667,75.09166667,18.93
30.31972222,75.08944444,23
30.3625,75.24166667,24.03
30.3625,75.24166667,24.35
30.36722222,75.30777778,27.1
30.39166667,75.23527778,25.94
30.31444444,75.30972222,29.45
30.36,75.20944444,24.4
30.42666667,75.06,22.03
30.43333333,75.175,19.43
30.43361111,75.09972222,24.4
30.45111111,75.25166667,31.43
20.8375,84.325,5.1
20.62222222,84.605,4.85
20.76388889,84.31666667,2.1
20.70138889,84.48611111,1.06
20.70194444,84.3675,4
20.77777778,83.87666667,3.8
20.72611111,83.80888889,3.7
20.64222222,83.74111111,2.35
20.62555556,84.42722222,2.88
20.80666667,84.09583333,1.3
20.80694444,84.12888889,1.44
20.78472222,83.88611111,2.7
20.43027778,84.53388889,1.5
20.54416667,84.42527778,3.7
20.56722222,84.45777778,3.75
20.59194444,84.50277778,1.3
20.63527778,84.42222222,3.9
20.66166667,84.39111111,3.3
20.69583333,84.13861111,4
20.70222222,84.16972222,2.5
20.7025,84.07305556,3.8
20.74444444,84.07777778,2.4
20.75722222,84.07027778,1.8
20.79166667,84.06583333,1.5
20.805,84.22444444,1.4
20.81722222,84.01027778,2.8
20.82111111,83.98222222,0.85
20.83083333,84.00638889,3.15
20.85472222,84.20666667,0.9
20.85555556,84.27055556,1.9
20.85611111,84.27777778,2
20.86083333,84.23888889,1.4
20.75388889,83.94027778,1.5
25.65222222,86.06,2.29
25.44166667,86.20277778,2.72
25.47916667,85.94583333,5.35
25.5625,86.14583333,5
25.58777778,86.25861111,3.83
25.5875,86.10833333,4.5
25.54444444,85.86111111,3.38
25.37916667,86.1375,2.7
25.41,86.24638889,3.95
25.42277778,86.40972222,4.68
25.37638889,86.15055556,5.15
25.38861111,86.14805556,4.38
25.41388889,86.17777778,2.26
25.5075,86.13277778,5.48
25.44777778,86.02777778,2.55
25.45472222,86.14222222,1.9
25.51361111,85.92416667,1.7
25.59694444,86.22055556,4.29
25.52555556,86.28722222,4.1
25.5675,86.19305556,4.8
25.56777778,86.18861111,5.1
25.59944444,86.05833333,5.01
25.43055556,86.12916667,5.2
16.175,74.84166667,7.23
16.6,74.93333333,2.08
16.62916667,74.85,3.19
16.34444444,74.72777778,7.45
16.40416667,74.37916667,3.17
16.43333333,74.46666667,3.14
16.475,74.6,11.93
16.475,74.63333333,6.84
16.4875,74.47083333,10.34
16.51666667,74.51666667,3.4
16.53333333,74.60416667,9.15
16.63333333,75.00833333,2.3
16.64166667,75.075,3.15
16.68055556,75.125,3.47
16.725,75.06666667,3.46
16.7375,75.14583333,1.9
16.74166667,74.88611111,6.2
16.75,74.99166667,2.32
16.75833333,75.23333333,7.1
15.575,74.575,6.36
15.89472222,74.65972222,10
16.02722222,74.5325,0.65
16.36111111,74.65361111,5.83
16.1,74.69972222,2.1
16.14,74.69,2.55
16.15527778,74.69055556,9.06
16.165,74.61722222,2.62
16.1825,74.69222222,1.33
16.19027778,74.58861111,6.16
16.21166667,74.63111111,2
16.26916667,74.58083333,2.2
16.28888889,74.66805556,2.95
16.08027778,74.68444444,7
16.08777778,74.92611111,7.51
16.21416667,74.79305556,5.33
16.3,74.91,2.76
15.41666667,74.61666667,4.89
16.28333333,74.60416667,12.42
16.28333333,74.61666667,2.72
16.02222222,74.82777778,3.81
16.57083333,74.54166667,9.49
16.59166667,74.98333333,9.26
15.66666667,74.5,8.1
15.68611111,74.50833333,2.58
15.76888889,74.55833333,1.99
16.06666667,74.52083333,6.62
15.93055556,74.53333333,6.97
15.85833333,74.52916667,10.53
15.86666667,74.5,4.11
15.86666667,74.56666667,4.31
15.75555556,75.10972222,11.23
15.75555556,75.25138889,6.4
15.875,74.70833333,8.24
16.3,74.72083333,1.95
16.225,74.60555556,6.44
16.225,74.68333333,3.21
16.23333333,74.53333333,4.32
16.23333333,74.65,5.57
16.86944444,75.275,3.02
16.90277778,75.11944444,11.57
15.45,74.5,9.17
15.53333333,74.66666667,7.9
15.53611111,74.49027778,0.68
15.8375,74.64583333,6.94
15.55,74.78333333,1.39
15.91666667,74.65,3.3
15.775,74.48333333,2.96
15.79166667,74.46805556,6.93
15.91388889,74.91666667,10.62
15.9,74.91666667,4.6
15.8375,74.91805556,4.1
16.09166667,75.23333333,7.56
16.13333333,74.5,6.46
16.14027778,74.65111111,5.46
16.2,75.05416667,6.99
16.08333333,74.95,6.87
16.09166667,74.92916667,6.92
16.20833333,74.85,2.18
16.21666667,74.88333333,3.77
16.36666667,74.975,8.97
16.15,75.06666667,1.81
16.64166667,74.88333333,2.54
16.425,74.83888889,5.53
16.43333333,74.74166667,6.14
16.5,74.76666667,6.7
16.51666667,74.76666667,9.58
16.53333333,74.70833333,5.1
16.54583333,74.80416667,8.73
16.23666667,74.6,7.04
16.25833333,74.48333333,3.2
16.25833333,74.65833333,2.68
15.10833333,76.05,19.35
15.03333333,76.48333333,7.4
15.34166667,76.84166667,8
15.35833333,76.9125,9.95
15.13888889,77.01666667,34.25
14.98333333,75.8,3.33
15.13888889,77.07222222,3.45
15.4,76.7,3.8
15.28777778,76.39,6.17
15.175,76.61666667,11
15.19583333,76.675,3.25
15.16361111,76.85916667,1.58
15.43333333,76.84166667,3.2
15.44166667,76.84166667,2.05
15.2,76.93333333,5.6
15.3,76.475,2.85
15.30833333,76.48333333,4.4
15.16666667,76.36666667,3.55
15.17027778,76.35527778,2.99
15.35,76.91388889,3.3
15.10138889,76.16694444,1.2
15.11666667,77.1375,5.35
15.0875,76.55,4.95
15.375,76.84027778,1.8
15.17555556,76.37111111,3.55
15.28333333,76.36666667,1.7
15.31333333,76.45111111,7.5
15.33083333,76.51638889,3.25
15.33611111,76.46111111,0.35
14.75583333,76.60444444,3.6
14.86611111,76.44694444,8.9
14.97277778,75.96527778,5.4
14.97277778,76.44583333,5.85
15.5125,76.875,2.78
14.90166667,76.40027778,38
21.65083333,78.26611111,5
22.06777778,77.53361111,7.07
21.62222222,77.92361111,38
21.46305556,77.65833333,8.8
21.64111111,77.62777778,24.7
21.64444444,77.63666667,7.7
21.88222222,78.51861111,8.53
21.775,78.25555556,1.07
21.83055556,78.41527778,5.75
21.77916667,78.25722222,89.6
21.72055556,78.35333333,6.1
21.84666667,78.09194444,9.4
21.92361111,78.12416667,4.62
21.76861111,77.89388889,4.42
21.85527778,78.00472222,5.39
21.59166667,77.71027778,4.09
21.72555556,77.7425,0.48
21.86027778,77.92694444,4.3
22.27777778,77.86972222,4.63
22.18944444,77.90416667,7.27
22.07166667,77.875,5.65
22.10611111,77.5,4.9
22.20777778,77.41888889,4.7
22.01083333,77.67027778,9.06
22.11833333,78.1425,6.35
22.12111111,78.00472222,5.82
21.60277778,78.11777778,6.85
21.63027778,77.94638889,4.41
21.51361111,77.69944444,5.57
21.92361111,78.12416667,4.49
21.85666667,77.80277778,9.25
21.91472222,77.74805556,3.93
21.62111111,77.92083333,7.3
21.02638889,86.54444444,1.88
21.02972222,86.5225,1.28
21.0325,86.53138889,1.75
21.135,86.51777778,1.35
21.135,86.53083333,1.35
25.175,86.8125,4.23
25.1625,86.98333333,0.91
25.22916667,86.97916667,12.31
25.13055556,86.68555556,2.86
25.225,86.80833333,2.47
25.24166667,86.7,5.98
25.20833333,87.175,2.03
25.3125,87.42777778,4.47
25.15166667,87.16083333,7.09
25.23944444,87.33611111,2.96
25.26416667,87.28083333,6.23
25.3975,87.17111111,2.5
25.25416667,87.24166667,9.6
21.20277778,79.79277778,7
21.1,79.68333333,1.68
21.13333333,79.70833333,2.25
21.15833333,79.65416667,7.1
21.08333333,79.98333333,2.76
21.17916667,80.00416667,2.2
21.00916667,79.97611111,3.3
21.23333333,79.64666667,1.98
21.24861111,79.66472222,1.5
21.47083333,79.71666667,3.7
21.36666667,79.71666667,2.55
20.73472222,79.89166667,2.4
20.74583333,79.88472222,1.15
20.94333333,79.70333333,1.6
20.775,79.62638889,2.45
20.8,79.71666667,19.25
20.74166667,79.55,5.7
20.95,79.8,2.62
20.91805556,79.85972222,3.25
21.39722222,79.67222222,4.25
21.38333333,79.58333333,5.95
21.28333333,79.68333333,3.95
21.535,79.70472222,1.3
20.83555556,79.77333333,2.1
20.92138889,79.85111111,2.3
21.10222222,80.00361111,5.8
21.10638889,79.73305556,11.79
21.125,79.675,1.7
21.28333333,79.68333333,4.1
20.97055556,79.90027778,1.6
21.00833333,79.68583333,3.2
21.04027778,79.67638889,5.4
21.45833333,79.84027778,0.9
27.33333333,77.55,15.85
27.7,77.08333333,4.48
27.63333333,77.28333333,10.5
26.95,77.38333333,9.7
26.96388889,77.35972222,5.25
26.96666667,77.3,22.8
26.96805556,77.25166667,14.04
27.33333333,77.55,13.65
26.90555556,77.37777778,3.95
27.03333333,77.55,11.67
27.01388889,77.175,22.57
26.80416667,77.43055556,5.65
27.03333333,77.13333333,12.1
27.21666667,77.5,4.54
27.16666667,77.26666667,18.69
27.20833333,77.2125,20.22
27.225,77.09166667,31.15
27.53333333,77.125,13.2
27.78222222,77.22666667,7.52
27.55,77.3,6.8
27.65472222,77.06333333,9
26.99583333,77.49166667,13.35
27.31666667,77.38333333,2.1
27.445,77.25,10.46
21.6125,73.43527778,6.95
22.02694444,72.63611111,4.19
21.53333333,73.2875,7.7
21.63333333,73.36666667,3.34
21.61666667,72.92361111,4.2
21.52083333,72.82083333,2.77
21.49166667,72.70833333,2.35
21.675,72.975,6.25
21.68333333,73.01944444,1.85
21.5375,72.975,1.27
21.55555556,72.8875,1.97
21.68333333,72.81666667,7.2
21.7,73.00416667,3.75
21.70777778,72.83055556,6.05
21.70833333,73,6.3
21.7625,72.63888889,7.98
21.79166667,72.66805556,7.18
21.91666667,72.79166667,5.84
22.05277778,72.80555556,7.11
21.58055556,73.06805556,2.78
21.59166667,72.825,6.45
21.74166667,73.20833333,4.07
21.725,72.75,2.98
22.15833333,72.75833333,9.45
21.99166667,72.675,3.15
22.18472222,72.59722222,9.96
22.19361111,72.63944444,7.05
21.8,71.50833333,1.92
21.19722222,71.55,2.68
21.21388889,71.88333333,2.43
21.24583333,71.65,1.06
21.09583333,71.76666667,18.96
21.1375,71.65833333,4.45
21.52222222,71.83888889,4.1
21.525,71.82361111,5.58
21.55,71.72083333,1
21.6375,71.7,9.59
21.67944444,72.24416667,2.5
21.68333333,72.27916667,1.69
21.50833333,72.125,5.1
21.96666667,71.57916667,3.65
21.96805556,71.58194444,8.08
22.01805556,71.7,6.39
22.22916667,71.60416667,18.1
21.54305556,71.56527778,7.3
22.075,71.89166667,2.55
21.47694444,71.80611111,4.1
21.56805556,72.19805556,2.8
21.63638889,71.91888889,2
21.96027778,71.88638889,7.7
21.8,71.7,7.73
